{
  "model_name": "DeepSeek-R1-Distill-Qwen-1.5B_full_fst_1e-4_onnx",
  "model_type": "ONNX词嵌入模型",
  "status": "成功",
  "errors": [],
  "details": {
    "files": [
      "config.json",
      "model.onnx",
      "tokenizer.json",
      "tokenizer_config.json"
    ],
    "model_size": {
      "bytes": 698872551,
      "mb": 666.5
    },
    "tokenizer": {
      "vocab_size": 151665
    },
    "load_time": 0.93,
    "input_names": [
      "input_ids"
    ],
    "output_names": [
      "token_ids"
    ]
  },
  "embedding_dim": 1152,
  "test_results": [
    {
      "text": "这是一个测试句子，用于验证词嵌入模型",
      "success": true,
      "embedding_shape": [
        1,
        11,
        1152
      ],
      "embedding_stats": {
        "min": -1.032637119293213,
        "max": 1.0184663534164429,
        "mean": -0.0011610181536525488,
        "std": 0.3082966208457947,
        "norm": 10.464009284973145
      },
      "inference_time": 0.001
    },
    {
      "text": "人工智能正在改变世界",
      "success": true,
      "embedding_shape": [
        1,
        5,
        1152
      ],
      "embedding_stats": {
        "min": -1.335391879081726,
        "max": 1.2247567176818848,
        "mean": 0.03131468594074249,
        "std": 0.43746134638786316,
        "norm": 14.8859224319458
      },
      "inference_time": 0.0
    },
    {
      "text": "词嵌入是自然语言处理的基础技术",
      "success": true,
      "embedding_shape": [
        1,
        10,
        1152
      ],
      "embedding_stats": {
        "min": -0.9526513814926147,
        "max": 1.19895339012146,
        "mean": -0.0029583151917904615,
        "std": 0.31893855333328247,
        "norm": 10.825597763061523
      },
      "inference_time": 0.0
    }
  ]
}